filename,speaker,utt_id,xmin,xmax,canonical_phone,perceived_phone,error_type
sub_0_ABA.wav,ABA,arctic_a0003,3.0911764973319493,3.14,sil,K,addition
add_0_ABA.wav,ABA,arctic_a0003,3.0911764973319493,3.14,sil,K,addition
sub_0_ABA.wav,ABA,arctic_a0003,4.65,4.71,D,S,substitution
add_0_ABA.wav,ABA,arctic_a0003,4.65,4.71,D,S,substitution
sub_0_ABA.wav,ABA,arctic_a0003,4.71,4.87,Z,S,substitution
add_0_ABA.wav,ABA,arctic_a0003,4.71,4.87,Z,S,substitution
sub_1_ABA.wav,ABA,arctic_a0005,0.9,1.07,ER0,AH0,substitution
sub_1_ABA.wav,ABA,arctic_a0005,1.99,2.09,IH0,EH,substitution
sub_2_ABA.wav,ABA,arctic_a0006,0.93,1.0127483250638591,sil,DH,addition
sub_2_ABA.wav,ABA,arctic_a0006,4.57,4.66,ER0,AH0,substitution
sub_3_ABA.wav,ABA,arctic_a0007,2.28,2.4,IH1,EH,substitution
sub_3_ABA.wav,ABA,arctic_a0007,2.91,3.11,IH0,EH,substitution
sub_3_ABA.wav,ABA,arctic_a0007,4.0,4.07,P,B,substitution
sub_3_ABA.wav,ABA,arctic_a0007,4.69,4.76,R,R*,substitution
sub_4_ABA.wav,ABA,arctic_a0008,1.06,1.1195965980612608,R,R*,substitution
sub_4_ABA.wav,ABA,arctic_a0008,1.46,1.68,ER0,R*,substitution
sub_5_ABA.wav,ABA,arctic_a0011,0.73,0.81,ER0,AX,substitution
sub_6_ABA.wav,ABA,arctic_a0013,2.7,2.76,P,B,substitution
sub_6_ABA.wav,ABA,arctic_a0013,4.83,4.95,AH0,EY,substitution
sub_7_ABA.wav,ABA,arctic_a0018,0.03,0.16,DH,Z,substitution
sub_7_ABA.wav,ABA,arctic_a0018,0.19,0.26,R,R*,substitution
sub_8_ABA.wav,ABA,arctic_a0019,2.65,2.74,R,R*,substitution
sub_8_ABA.wav,ABA,arctic_a0019,2.9,3.04,R,R*,substitution
sub_9_ABA.wav,ABA,arctic_a0020,2.13,2.26,R,R*,substitution
sub_9_ABA.wav,ABA,arctic_a0020,2.26,2.44,UW1,AO,substitution
sub_9_ABA.wav,ABA,arctic_a0020,3.88,4.01,ER0,R*,substitution
del_0_ABA.wav,ABA,arctic_a0021,2.39,2.42,R,err,substitution
add_1_ABA.wav,ABA,arctic_a0021,2.39,2.42,R,err,substitution
del_0_ABA.wav,ABA,arctic_a0021,3.171350885000035,3.27,sil,K,addition
add_1_ABA.wav,ABA,arctic_a0021,3.171350885000035,3.27,sil,K,addition
sub_10_ABA.wav,ABA,arctic_a0022,0.26,0.36,R,err,substitution
del_1_ABA.wav,ABA,arctic_a0022,0.26,0.36,R,err,substitution
sub_10_ABA.wav,ABA,arctic_a0022,1.02,1.199044947548559,ER0,EH,substitution
del_1_ABA.wav,ABA,arctic_a0022,1.02,1.199044947548559,ER0,EH,substitution
sub_10_ABA.wav,ABA,arctic_a0022,1.199044947548559,1.3487640273903931,sil,R,addition
del_1_ABA.wav,ABA,arctic_a0022,1.199044947548559,1.3487640273903931,sil,R,addition
sub_10_ABA.wav,ABA,arctic_a0022,4.22,4.359830945248417,ER1,EH,substitution
del_1_ABA.wav,ABA,arctic_a0022,4.22,4.359830945248417,ER1,EH,substitution
sub_10_ABA.wav,ABA,arctic_a0022,4.359830945248417,4.39,sil,R,addition
del_1_ABA.wav,ABA,arctic_a0022,4.359830945248417,4.39,sil,R,addition
sub_11_ABA.wav,ABA,arctic_a0023,3.08,3.14,R,R*,substitution
sub_11_ABA.wav,ABA,arctic_a0023,5.21,5.29,R,R*,substitution
sub_11_ABA.wav,ABA,arctic_a0023,6.1,6.14,R,R*,substitution
sub_12_ABA.wav,ABA,arctic_a0024,0.83,0.87,R,R*,substitution
add_2_ABA.wav,ABA,arctic_a0024,0.83,0.87,R,R*,substitution
sub_12_ABA.wav,ABA,arctic_a0024,1.53,1.65,R,R*,substitution
add_2_ABA.wav,ABA,arctic_a0024,1.53,1.65,R,R*,substitution
sub_12_ABA.wav,ABA,arctic_a0024,2.36,2.44,R,R*,substitution
add_2_ABA.wav,ABA,arctic_a0024,2.36,2.44,R,R*,substitution
sub_13_ABA.wav,ABA,arctic_a0025,3.9,3.95,P,B,substitution
sub_13_ABA.wav,ABA,arctic_a0025,3.95,4.03,R,R*,substitution
sub_14_ABA.wav,ABA,arctic_a0026,0.24,0.33,AH0,OW,substitution
sub_14_ABA.wav,ABA,arctic_a0026,2.22,2.3,R,R*,substitution
sub_15_ABA.wav,ABA,arctic_a0027,3.88,4.0,TH,S,substitution
del_2_ABA.wav,ABA,arctic_a0027,3.88,4.0,TH,S,substitution
sub_15_ABA.wav,ABA,arctic_a0027,4.07,4.2,Z,S,substitution
del_2_ABA.wav,ABA,arctic_a0027,4.07,4.2,Z,S,substitution
sub_15_ABA.wav,ABA,arctic_a0027,5.25,5.38,ER0,AH0,substitution
del_2_ABA.wav,ABA,arctic_a0027,5.25,5.38,ER0,AH0,substitution
sub_16_ABA.wav,ABA,arctic_a0028,1.08,1.17,B,P,substitution
sub_16_ABA.wav,ABA,arctic_a0028,2.29,2.33,R,sil,deletion
sub_16_ABA.wav,ABA,arctic_a0028,2.33,2.47,AO1,UW,substitution
sub_16_ABA.wav,ABA,arctic_a0028,2.47,2.54,D,T,substitution
del_3_ABA.wav,ABA,arctic_a0029,0.21,0.230953257189271,sil,IH,addition
add_3_ABA.wav,ABA,arctic_a0029,0.21,0.230953257189271,sil,IH,addition
del_3_ABA.wav,ABA,arctic_a0029,0.58,0.66,R,sil,deletion
add_3_ABA.wav,ABA,arctic_a0029,0.58,0.66,R,sil,deletion
del_3_ABA.wav,ABA,arctic_a0029,1.11,1.2383026750716415,ER0,EH,substitution
add_3_ABA.wav,ABA,arctic_a0029,1.11,1.2383026750716415,ER0,EH,substitution
del_3_ABA.wav,ABA,arctic_a0029,1.2383026750716415,1.31,sil,R*,addition
add_3_ABA.wav,ABA,arctic_a0029,1.2383026750716415,1.31,sil,R*,addition
del_3_ABA.wav,ABA,arctic_a0029,2.3829335011676003,2.4506710914898053,sil,K,addition
add_3_ABA.wav,ABA,arctic_a0029,2.3829335011676003,2.4506710914898053,sil,K,addition
del_4_ABA.wav,ABA,arctic_a0031,0.55,0.6041420794590123,sil,IY,addition
add_4_ABA.wav,ABA,arctic_a0031,0.55,0.6041420794590123,sil,IY,addition
del_4_ABA.wav,ABA,arctic_a0031,1.04,1.08,R,err,substitution
add_4_ABA.wav,ABA,arctic_a0031,1.04,1.08,R,err,substitution
del_4_ABA.wav,ABA,arctic_a0031,1.75,1.82,R,R*,substitution
add_4_ABA.wav,ABA,arctic_a0031,1.75,1.82,R,R*,substitution
del_4_ABA.wav,ABA,arctic_a0031,2.25,2.32,R,err,substitution
add_4_ABA.wav,ABA,arctic_a0031,2.25,2.32,R,err,substitution
del_5_ABA.wav,ABA,arctic_a0032,2.46,2.56,IH0,AY,substitution
add_5_ABA.wav,ABA,arctic_a0032,2.46,2.56,IH0,AY,substitution
del_5_ABA.wav,ABA,arctic_a0032,2.71,2.74,IH1,sil,deletion
add_5_ABA.wav,ABA,arctic_a0032,2.71,2.74,IH1,sil,deletion
del_5_ABA.wav,ABA,arctic_a0032,2.77,2.8,IY0,EH,substitution
add_5_ABA.wav,ABA,arctic_a0032,2.77,2.8,IY0,EH,substitution
del_5_ABA.wav,ABA,arctic_a0032,2.8,2.86,AH0,sil,deletion
add_5_ABA.wav,ABA,arctic_a0032,2.8,2.86,AH0,sil,deletion
del_5_ABA.wav,ABA,arctic_a0032,4.700752322204298,4.74041892632588,sil,K,addition
add_5_ABA.wav,ABA,arctic_a0032,4.700752322204298,4.74041892632588,sil,K,addition
add_6_ABA.wav,ABA,arctic_a0037,0.37,0.4,DH,Z,substitution
add_6_ABA.wav,ABA,arctic_a0037,1.415567022999502,1.47,R,R*,substitution
add_6_ABA.wav,ABA,arctic_a0037,2.6117205687774643,2.69,sil,K,addition
add_7_ABA.wav,ABA,arctic_a0040,0.41,0.52,P,B,substitution
add_8_ABA.wav,ABA,arctic_a0046,1.82,1.96,ER0,R*,substitution
add_8_ABA.wav,ABA,arctic_a0046,2.889203896961824,2.93,sil,K,addition
add_8_ABA.wav,ABA,arctic_a0046,4.37,4.47,R,R*,substitution
del_6_ABA.wav,ABA,arctic_a0048,1.6962697122067003,1.9097223519684627,sil,D,addition
add_9_ABA.wav,ABA,arctic_a0048,1.6962697122067003,1.9097223519684627,sil,D,addition
del_6_ABA.wav,ABA,arctic_a0048,2.21,2.36,CH,SH,substitution
add_9_ABA.wav,ABA,arctic_a0048,2.21,2.36,CH,SH,substitution
del_6_ABA.wav,ABA,arctic_a0048,3.26,3.34,K,G,substitution
add_9_ABA.wav,ABA,arctic_a0048,3.26,3.34,K,G,substitution
del_6_ABA.wav,ABA,arctic_a0048,3.52,3.64,S,Z,substitution
add_9_ABA.wav,ABA,arctic_a0048,3.52,3.64,S,Z,substitution
del_7_ABA.wav,ABA,arctic_a0051,1.87,2.0,AY1,IH,substitution
del_7_ABA.wav,ABA,arctic_a0051,2.177339518758002,2.249009233756872,sil,AO,addition
del_7_ABA.wav,ABA,arctic_a0051,2.249009233756872,2.32,ER0,R*,substitution
del_7_ABA.wav,ABA,arctic_a0051,5.08,5.12,EH1,EY,substitution
del_8_ABA.wav,ABA,arctic_a0058,0.74,0.79,R,sil,deletion
add_10_ABA.wav,ABA,arctic_a0058,0.74,0.79,R,sil,deletion
del_8_ABA.wav,ABA,arctic_a0058,2.75,2.8,R,err,substitution
add_10_ABA.wav,ABA,arctic_a0058,2.75,2.8,R,err,substitution
del_8_ABA.wav,ABA,arctic_a0058,2.9,2.93,AA1,EH,substitution
add_10_ABA.wav,ABA,arctic_a0058,2.9,2.93,AA1,EH,substitution
del_8_ABA.wav,ABA,arctic_a0058,4.749221242205211,4.8,sil,G,addition
add_10_ABA.wav,ABA,arctic_a0058,4.749221242205211,4.8,sil,G,addition
del_9_ABA.wav,ABA,arctic_a0059,1.26,1.41,IH0,EY,substitution
add_11_ABA.wav,ABA,arctic_a0059,1.26,1.41,IH0,EY,substitution
del_9_ABA.wav,ABA,arctic_a0059,1.73,1.87,P,B,substitution
add_11_ABA.wav,ABA,arctic_a0059,1.73,1.87,P,B,substitution
del_9_ABA.wav,ABA,arctic_a0059,1.99,2.05,R,R*,substitution
add_11_ABA.wav,ABA,arctic_a0059,1.99,2.05,R,R*,substitution
del_10_ABA.wav,ABA,arctic_a0062,0.74,0.84,T,err,substitution
del_10_ABA.wav,ABA,arctic_a0062,2.17,2.26,ER0,err,substitution
add_12_ABA.wav,ABA,arctic_a0063,1.98,2.057422285235233,sil,AH0,addition
add_12_ABA.wav,ABA,arctic_a0063,2.57,2.66,R,R*,substitution
del_11_ABA.wav,ABA,arctic_a0065,1.51,1.66,L,err,substitution
add_13_ABA.wav,ABA,arctic_a0065,1.51,1.66,L,err,substitution
del_11_ABA.wav,ABA,arctic_a0065,4.26,4.36,Z,S,substitution
add_13_ABA.wav,ABA,arctic_a0065,4.26,4.36,Z,S,substitution
del_11_ABA.wav,ABA,arctic_a0065,4.54,4.632868768420796,sil,AH0,addition
add_13_ABA.wav,ABA,arctic_a0065,4.54,4.632868768420796,sil,AH0,addition
del_12_ABA.wav,ABA,arctic_a0067,2.034289731046249,2.0775309515379767,sil,AH0,addition
add_14_ABA.wav,ABA,arctic_a0067,2.034289731046249,2.0775309515379767,sil,AH0,addition
del_12_ABA.wav,ABA,arctic_a0067,3.516255446652393,3.59,R,err,substitution
add_14_ABA.wav,ABA,arctic_a0067,3.516255446652393,3.59,R,err,substitution
del_13_ABA.wav,ABA,arctic_a0071,1.38,1.52,JH,ZH,substitution
del_13_ABA.wav,ABA,arctic_a0071,2.17,2.23,R,err,substitution
del_13_ABA.wav,ABA,arctic_a0071,2.66,2.7,L,err,substitution
del_14_ABA.wav,ABA,arctic_a0073,0.3608655717579473,0.3999751187904198,P,B,substitution
del_14_ABA.wav,ABA,arctic_a0073,0.3999751187904198,0.4781942128553645,R,R*,substitution
del_14_ABA.wav,ABA,arctic_a0073,0.4781942128553645,0.5720571257332983,AH0,UW,substitution
del_14_ABA.wav,ABA,arctic_a0073,0.681563857424221,0.7780340734376529,OW1,IY,substitution
del_14_ABA.wav,ABA,arctic_a0073,3.95,3.99,L,err,substitution
del_14_ABA.wav,ABA,arctic_a0073,4.57,4.7,AE1,AA,substitution
del_14_ABA.wav,ABA,arctic_a0073,4.82,4.97,Z,S,substitution
del_14_ABA.wav,ABA,arctic_a0073,5.32,5.48,ER0,R*,substitution
del_15_ABA.wav,ABA,arctic_a0075,0.34,0.38,R,sil,deletion
del_15_ABA.wav,ABA,arctic_a0075,2.41,2.5,T,D,substitution
del_16_ABA.wav,ABA,arctic_a0078,2.81,2.88,R,R*,substitution
del_16_ABA.wav,ABA,arctic_a0078,2.88,2.98,AY1,OY,substitution
del_16_ABA.wav,ABA,arctic_a0078,3.41,3.5,DH,TH,substitution
del_16_ABA.wav,ABA,arctic_a0078,3.69,3.86,ER1,err,substitution
add_15_ABA.wav,ABA,arctic_a0082,1.53,1.64,R,R*,substitution
add_15_ABA.wav,ABA,arctic_a0082,1.9771276733412464,2.03,sil,K,addition
add_15_ABA.wav,ABA,arctic_a0082,2.77,3.002676370693386,D,T,substitution
add_16_ABA.wav,ABA,arctic_a0085,0.28,0.32,R,R*,substitution
add_16_ABA.wav,ABA,arctic_a0085,0.51,0.67,L,err,substitution
add_16_ABA.wav,ABA,arctic_a0085,1.7807592378005783,1.8758594136572653,sil,AX,addition
sub_34_EBVS.wav,EBVS,arctic_a0003,0.6611121731283397,0.6909043063209801,IH0,sil,deletion
del_34_EBVS.wav,EBVS,arctic_a0003,0.6611121731283397,0.6909043063209801,IH0,sil,deletion
add_34_EBVS.wav,EBVS,arctic_a0003,0.6611121731283397,0.6909043063209801,IH0,sil,deletion
sub_34_EBVS.wav,EBVS,arctic_a0003,0.6909043063209801,0.71,TH,sil,deletion
del_34_EBVS.wav,EBVS,arctic_a0003,0.6909043063209801,0.71,TH,sil,deletion
add_34_EBVS.wav,EBVS,arctic_a0003,0.6909043063209801,0.71,TH,sil,deletion
sub_34_EBVS.wav,EBVS,arctic_a0003,1.8550892033872337,1.8940481467929944,sil,IH,addition
del_34_EBVS.wav,EBVS,arctic_a0003,1.8550892033872337,1.8940481467929944,sil,IH,addition
add_34_EBVS.wav,EBVS,arctic_a0003,1.8550892033872337,1.8940481467929944,sil,IH,addition
sub_34_EBVS.wav,EBVS,arctic_a0003,4.08,4.23,K,HH,substitution
del_34_EBVS.wav,EBVS,arctic_a0003,4.08,4.23,K,HH,substitution
add_34_EBVS.wav,EBVS,arctic_a0003,4.08,4.23,K,HH,substitution
sub_34_EBVS.wav,EBVS,arctic_a0003,4.465338411573185,4.67,Z,err,substitution
del_34_EBVS.wav,EBVS,arctic_a0003,4.465338411573185,4.67,Z,err,substitution
add_34_EBVS.wav,EBVS,arctic_a0003,4.465338411573185,4.67,Z,err,substitution
sub_35_EBVS.wav,EBVS,arctic_a0005,1.2190416150794725,1.28,T,sil,deletion
del_35_EBVS.wav,EBVS,arctic_a0005,1.2190416150794725,1.28,T,sil,deletion
sub_36_EBVS.wav,EBVS,arctic_a0006,0.13,0.2134680676582172,AA1,AH,substitution
sub_36_EBVS.wav,EBVS,arctic_a0006,0.56,0.6449615141817514,sil,EH,addition
sub_36_EBVS.wav,EBVS,arctic_a0006,0.6449615141817514,0.73,sil,M,addition
sub_36_EBVS.wav,EBVS,arctic_a0006,1.8,1.96,OW1,AO,substitution
sub_36_EBVS.wav,EBVS,arctic_a0006,1.96,2.04,P,sil,deletion
sub_36_EBVS.wav,EBVS,arctic_a0006,4.05,4.1,M,N,substitution
sub_37_EBVS.wav,EBVS,arctic_a0007,0.25,0.31,Y,JH,substitution
sub_37_EBVS.wav,EBVS,arctic_a0007,0.98,1.22,Z,S,substitution
sub_37_EBVS.wav,EBVS,arctic_a0007,1.66,1.69,T,sil,deletion
sub_37_EBVS.wav,EBVS,arctic_a0007,3.5,3.62,AH0,AE,substitution
sub_37_EBVS.wav,EBVS,arctic_a0007,3.86,4.09,V,F,substitution
sub_37_EBVS.wav,EBVS,arctic_a0007,4.592567335620602,4.633347919543614,sil,Y,addition
sub_37_EBVS.wav,EBVS,arctic_a0007,4.633347919543614,4.65,IH0,UH,substitution
sub_38_EBVS.wav,EBVS,arctic_a0008,0.24,0.37,AE1,AA,substitution
del_36_EBVS.wav,EBVS,arctic_a0008,0.24,0.37,AE1,AA,substitution
sub_38_EBVS.wav,EBVS,arctic_a0008,1.64,1.75,T,DH,substitution
del_36_EBVS.wav,EBVS,arctic_a0008,1.64,1.75,T,DH,substitution
sub_38_EBVS.wav,EBVS,arctic_a0008,2.25,2.33,EY1,AH,substitution
del_36_EBVS.wav,EBVS,arctic_a0008,2.25,2.33,EY1,AH,substitution
sub_38_EBVS.wav,EBVS,arctic_a0008,2.47,2.55,JH,Y,substitution
del_36_EBVS.wav,EBVS,arctic_a0008,2.47,2.55,JH,Y,substitution
sub_38_EBVS.wav,EBVS,arctic_a0008,2.78,2.85,T,sil,deletion
del_36_EBVS.wav,EBVS,arctic_a0008,2.78,2.85,T,sil,deletion
sub_39_EBVS.wav,EBVS,arctic_a0010,0.03,0.11,AY1,AA,substitution
sub_39_EBVS.wav,EBVS,arctic_a0010,1.24,1.38,AE1,AA,substitution
sub_39_EBVS.wav,EBVS,arctic_a0010,3.18,3.3,Z,S,substitution
sub_40_EBVS.wav,EBVS,arctic_a0011,2.71,2.75,N,M,substitution
add_35_EBVS.wav,EBVS,arctic_a0011,2.71,2.75,N,M,substitution
sub_40_EBVS.wav,EBVS,arctic_a0011,3.730031943805203,3.788364977574621,sil,AX,addition
add_35_EBVS.wav,EBVS,arctic_a0011,3.730031943805203,3.788364977574621,sil,AX,addition
sub_40_EBVS.wav,EBVS,arctic_a0011,3.788364977574621,3.86,sil,D,addition
add_35_EBVS.wav,EBVS,arctic_a0011,3.788364977574621,3.86,sil,D,addition
sub_41_EBVS.wav,EBVS,arctic_a0013,0.45,0.57,Z,TH,substitution
del_37_EBVS.wav,EBVS,arctic_a0013,0.45,0.57,Z,TH,substitution
sub_41_EBVS.wav,EBVS,arctic_a0013,0.8,0.85,EH1,IH,substitution
del_37_EBVS.wav,EBVS,arctic_a0013,0.8,0.85,EH1,IH,substitution
sub_41_EBVS.wav,EBVS,arctic_a0013,0.85,0.93,D,T,substitution
del_37_EBVS.wav,EBVS,arctic_a0013,0.85,0.93,D,T,substitution
sub_41_EBVS.wav,EBVS,arctic_a0013,2.05,2.19,Z,S,substitution
del_37_EBVS.wav,EBVS,arctic_a0013,2.05,2.19,Z,S,substitution
sub_41_EBVS.wav,EBVS,arctic_a0013,2.46,2.53,AH0,AO,substitution
del_37_EBVS.wav,EBVS,arctic_a0013,2.46,2.53,AH0,AO,substitution
sub_41_EBVS.wav,EBVS,arctic_a0013,2.9762006076151386,3.069508687555544,AH0,AO,substitution
del_37_EBVS.wav,EBVS,arctic_a0013,2.9762006076151386,3.069508687555544,AH0,AO,substitution
sub_41_EBVS.wav,EBVS,arctic_a0013,3.069508687555544,3.16,N,sil,deletion
del_37_EBVS.wav,EBVS,arctic_a0013,3.069508687555544,3.16,N,sil,deletion
sub_41_EBVS.wav,EBVS,arctic_a0013,3.69,3.84,AH1,AO,substitution
del_37_EBVS.wav,EBVS,arctic_a0013,3.69,3.84,AH1,AO,substitution
sub_41_EBVS.wav,EBVS,arctic_a0013,3.84,3.98,V,F,substitution
del_37_EBVS.wav,EBVS,arctic_a0013,3.84,3.98,V,F,substitution
sub_41_EBVS.wav,EBVS,arctic_a0013,4.31,4.37,OW2,AO,substitution
del_37_EBVS.wav,EBVS,arctic_a0013,4.31,4.37,OW2,AO,substitution
sub_41_EBVS.wav,EBVS,arctic_a0013,4.43,4.46,T,sil,deletion
del_37_EBVS.wav,EBVS,arctic_a0013,4.43,4.46,T,sil,deletion
sub_41_EBVS.wav,EBVS,arctic_a0013,4.751798481775199,4.88,AH0,EY,substitution
del_37_EBVS.wav,EBVS,arctic_a0013,4.751798481775199,4.88,AH0,EY,substitution
sub_41_EBVS.wav,EBVS,arctic_a0013,5.24,5.3,AH0,IH,substitution
del_37_EBVS.wav,EBVS,arctic_a0013,5.24,5.3,AH0,IH,substitution
sub_41_EBVS.wav,EBVS,arctic_a0013,5.3,5.4,Z,S,substitution
del_37_EBVS.wav,EBVS,arctic_a0013,5.3,5.4,Z,S,substitution
sub_41_EBVS.wav,EBVS,arctic_a0013,5.4,5.43,IY1,IH,substitution
del_37_EBVS.wav,EBVS,arctic_a0013,5.4,5.43,IY1,IH,substitution
sub_42_EBVS.wav,EBVS,arctic_a0018,0.36,0.46,Z,S,substitution
del_38_EBVS.wav,EBVS,arctic_a0018,0.36,0.46,Z,S,substitution
sub_42_EBVS.wav,EBVS,arctic_a0018,0.64,0.75,EY1,EH,substitution
del_38_EBVS.wav,EBVS,arctic_a0018,0.64,0.75,EY1,EH,substitution
sub_42_EBVS.wav,EBVS,arctic_a0018,0.81,0.84,JH,sil,deletion
del_38_EBVS.wav,EBVS,arctic_a0018,0.81,0.84,JH,sil,deletion
sub_43_EBVS.wav,EBVS,arctic_a0019,0.43,0.49,AA1,AO,substitution
del_39_EBVS.wav,EBVS,arctic_a0019,0.43,0.49,AA1,AO,substitution
sub_43_EBVS.wav,EBVS,arctic_a0019,2.35,2.44,V,F,substitution
del_39_EBVS.wav,EBVS,arctic_a0019,2.35,2.44,V,F,substitution
sub_43_EBVS.wav,EBVS,arctic_a0019,2.81,2.92,OW1,AO,substitution
del_39_EBVS.wav,EBVS,arctic_a0019,2.81,2.92,OW1,AO,substitution
sub_43_EBVS.wav,EBVS,arctic_a0019,2.92,3.077658640473759,Z,S,substitution
del_39_EBVS.wav,EBVS,arctic_a0019,2.92,3.077658640473759,Z,S,substitution
sub_43_EBVS.wav,EBVS,arctic_a0019,3.077658640473759,3.1430080726718224,sil,AX,addition
del_39_EBVS.wav,EBVS,arctic_a0019,3.077658640473759,3.1430080726718224,sil,AX,addition
sub_43_EBVS.wav,EBVS,arctic_a0019,3.52,3.56,L,sil,deletion
del_39_EBVS.wav,EBVS,arctic_a0019,3.52,3.56,L,sil,deletion
sub_43_EBVS.wav,EBVS,arctic_a0019,3.6557497714566254,3.85,OW2,AO,substitution
del_39_EBVS.wav,EBVS,arctic_a0019,3.6557497714566254,3.85,OW2,AO,substitution
sub_43_EBVS.wav,EBVS,arctic_a0019,5.063276003414911,5.098464159213869,AH0,sil,deletion
del_39_EBVS.wav,EBVS,arctic_a0019,5.063276003414911,5.098464159213869,AH0,sil,deletion
sub_43_EBVS.wav,EBVS,arctic_a0019,5.098464159213869,5.15,Z,sil,deletion
del_39_EBVS.wav,EBVS,arctic_a0019,5.098464159213869,5.15,Z,sil,deletion
sub_44_EBVS.wav,EBVS,arctic_a0020,0.2088106014648101,0.2492311214602686,B,P,substitution
del_40_EBVS.wav,EBVS,arctic_a0020,0.2088106014648101,0.2492311214602686,B,P,substitution
sub_44_EBVS.wav,EBVS,arctic_a0020,0.2492311214602686,0.3180957110821609,Z,S,substitution
del_40_EBVS.wav,EBVS,arctic_a0020,0.2492311214602686,0.3180957110821609,Z,S,substitution
sub_44_EBVS.wav,EBVS,arctic_a0020,0.3929485258885655,0.41,D,sil,deletion
del_40_EBVS.wav,EBVS,arctic_a0020,0.3929485258885655,0.41,D,sil,deletion
sub_44_EBVS.wav,EBVS,arctic_a0020,0.6,0.69,Z,S,substitution
del_40_EBVS.wav,EBVS,arctic_a0020,0.6,0.69,Z,S,substitution
sub_44_EBVS.wav,EBVS,arctic_a0020,0.81,0.9124270606450136,N,M,substitution
del_40_EBVS.wav,EBVS,arctic_a0020,0.81,0.9124270606450136,N,M,substitution
sub_44_EBVS.wav,EBVS,arctic_a0020,1.23,1.36,Z,S,substitution
del_40_EBVS.wav,EBVS,arctic_a0020,1.23,1.36,Z,S,substitution
sub_44_EBVS.wav,EBVS,arctic_a0020,2.35,2.43,OW1,AO,substitution
del_40_EBVS.wav,EBVS,arctic_a0020,2.35,2.43,OW1,AO,substitution
sub_44_EBVS.wav,EBVS,arctic_a0020,2.88,3.03,Z,S,substitution
del_40_EBVS.wav,EBVS,arctic_a0020,2.88,3.03,Z,S,substitution
sub_45_EBVS.wav,EBVS,arctic_a0021,0.33,0.44,EH1,ER,substitution
del_41_EBVS.wav,EBVS,arctic_a0021,0.33,0.44,EH1,ER,substitution
add_36_EBVS.wav,EBVS,arctic_a0021,0.33,0.44,EH1,ER,substitution
sub_45_EBVS.wav,EBVS,arctic_a0021,0.8941844000006176,0.9421405562153456,sil,AX,addition
del_41_EBVS.wav,EBVS,arctic_a0021,0.8941844000006176,0.9421405562153456,sil,AX,addition
add_36_EBVS.wav,EBVS,arctic_a0021,0.8941844000006176,0.9421405562153456,sil,AX,addition
sub_45_EBVS.wav,EBVS,arctic_a0021,1.8568165113352788,1.87,G,sil,deletion
del_41_EBVS.wav,EBVS,arctic_a0021,1.8568165113352788,1.87,G,sil,deletion
add_36_EBVS.wav,EBVS,arctic_a0021,1.8568165113352788,1.87,G,sil,deletion
sub_45_EBVS.wav,EBVS,arctic_a0021,2.05,2.159759059130756,Z,S,substitution
del_41_EBVS.wav,EBVS,arctic_a0021,2.05,2.159759059130756,Z,S,substitution
add_36_EBVS.wav,EBVS,arctic_a0021,2.05,2.159759059130756,Z,S,substitution
sub_45_EBVS.wav,EBVS,arctic_a0021,2.159759059130756,2.176134331984565,IH0,sil,deletion
del_41_EBVS.wav,EBVS,arctic_a0021,2.159759059130756,2.176134331984565,IH0,sil,deletion
add_36_EBVS.wav,EBVS,arctic_a0021,2.159759059130756,2.176134331984565,IH0,sil,deletion
sub_45_EBVS.wav,EBVS,arctic_a0021,2.176134331984565,2.190170280144973,NG,sil,deletion
del_41_EBVS.wav,EBVS,arctic_a0021,2.176134331984565,2.190170280144973,NG,sil,deletion
add_36_EBVS.wav,EBVS,arctic_a0021,2.176134331984565,2.190170280144973,NG,sil,deletion
sub_46_EBVS.wav,EBVS,arctic_a0022,0.29,0.32,D,sil,deletion
del_42_EBVS.wav,EBVS,arctic_a0022,0.29,0.32,D,sil,deletion
sub_46_EBVS.wav,EBVS,arctic_a0022,1.08,1.14,AE1,AA,substitution
del_42_EBVS.wav,EBVS,arctic_a0022,1.08,1.14,AE1,AA,substitution
sub_46_EBVS.wav,EBVS,arctic_a0022,1.18,1.28,Z,S,substitution
del_42_EBVS.wav,EBVS,arctic_a0022,1.18,1.28,Z,S,substitution
sub_46_EBVS.wav,EBVS,arctic_a0022,1.36,1.43,EY1,EH,substitution
del_42_EBVS.wav,EBVS,arctic_a0022,1.36,1.43,EY1,EH,substitution
sub_46_EBVS.wav,EBVS,arctic_a0022,1.69,1.72,B,V,substitution
del_42_EBVS.wav,EBVS,arctic_a0022,1.69,1.72,B,V,substitution
sub_46_EBVS.wav,EBVS,arctic_a0022,4.44,4.62,AW1,OW,substitution
del_42_EBVS.wav,EBVS,arctic_a0022,4.44,4.62,AW1,OW,substitution
sub_46_EBVS.wav,EBVS,arctic_a0022,5.1,5.168061511147444,AA2,AO,substitution
del_42_EBVS.wav,EBVS,arctic_a0022,5.1,5.168061511147444,AA2,AO,substitution
sub_46_EBVS.wav,EBVS,arctic_a0022,5.32,5.43,Z,S,substitution
del_42_EBVS.wav,EBVS,arctic_a0022,5.32,5.43,Z,S,substitution
sub_47_EBVS.wav,EBVS,arctic_a0023,0.27,0.31,AA2,AO,substitution
add_37_EBVS.wav,EBVS,arctic_a0023,0.27,0.31,AA2,AO,substitution
sub_47_EBVS.wav,EBVS,arctic_a0023,1.16,1.33,V,F,substitution
add_37_EBVS.wav,EBVS,arctic_a0023,1.16,1.33,V,F,substitution
sub_47_EBVS.wav,EBVS,arctic_a0023,1.68,1.77,AE1,AA,substitution
add_37_EBVS.wav,EBVS,arctic_a0023,1.68,1.77,AE1,AA,substitution
sub_47_EBVS.wav,EBVS,arctic_a0023,3.96,4.066669404151616,Z,S,substitution
add_37_EBVS.wav,EBVS,arctic_a0023,3.96,4.066669404151616,Z,S,substitution
sub_47_EBVS.wav,EBVS,arctic_a0023,4.066669404151616,4.169528466803399,sil,IH,addition
add_37_EBVS.wav,EBVS,arctic_a0023,4.066669404151616,4.169528466803399,sil,IH,addition
sub_47_EBVS.wav,EBVS,arctic_a0023,4.59,4.6457278309320245,N,M,substitution
add_37_EBVS.wav,EBVS,arctic_a0023,4.59,4.6457278309320245,N,M,substitution
sub_47_EBVS.wav,EBVS,arctic_a0023,4.6457278309320245,4.68,D,sil,deletion
add_37_EBVS.wav,EBVS,arctic_a0023,4.6457278309320245,4.68,D,sil,deletion
sub_47_EBVS.wav,EBVS,arctic_a0023,5.198119093321229,5.27,D,AX,substitution
add_37_EBVS.wav,EBVS,arctic_a0023,5.198119093321229,5.27,D,AX,substitution
sub_47_EBVS.wav,EBVS,arctic_a0023,7.45,7.571496724138296,JH,CH,substitution
add_37_EBVS.wav,EBVS,arctic_a0023,7.45,7.571496724138296,JH,CH,substitution
sub_47_EBVS.wav,EBVS,arctic_a0023,7.617211863094644,7.76,Z,S,substitution
add_37_EBVS.wav,EBVS,arctic_a0023,7.617211863094644,7.76,Z,S,substitution
sub_48_EBVS.wav,EBVS,arctic_a0024,0.37,0.46,Z,S,substitution
del_43_EBVS.wav,EBVS,arctic_a0024,0.37,0.46,Z,S,substitution
add_38_EBVS.wav,EBVS,arctic_a0024,0.37,0.46,Z,S,substitution
sub_48_EBVS.wav,EBVS,arctic_a0024,0.982549588161178,1.01,T,sil,deletion
del_43_EBVS.wav,EBVS,arctic_a0024,0.982549588161178,1.01,T,sil,deletion
add_38_EBVS.wav,EBVS,arctic_a0024,0.982549588161178,1.01,T,sil,deletion
sub_48_EBVS.wav,EBVS,arctic_a0024,1.01,1.04,S,sil,deletion
del_43_EBVS.wav,EBVS,arctic_a0024,1.01,1.04,S,sil,deletion
add_38_EBVS.wav,EBVS,arctic_a0024,1.01,1.04,S,sil,deletion
sub_48_EBVS.wav,EBVS,arctic_a0024,1.35,1.39,M,N,substitution
del_43_EBVS.wav,EBVS,arctic_a0024,1.35,1.39,M,N,substitution
add_38_EBVS.wav,EBVS,arctic_a0024,1.35,1.39,M,N,substitution
sub_48_EBVS.wav,EBVS,arctic_a0024,1.73,1.8,TH,T,substitution
del_43_EBVS.wav,EBVS,arctic_a0024,1.73,1.8,TH,T,substitution
add_38_EBVS.wav,EBVS,arctic_a0024,1.73,1.8,TH,T,substitution
sub_48_EBVS.wav,EBVS,arctic_a0024,3.5868215897049867,3.627905635303399,sil,Y,addition
del_43_EBVS.wav,EBVS,arctic_a0024,3.5868215897049867,3.627905635303399,sil,Y,addition
add_38_EBVS.wav,EBVS,arctic_a0024,3.5868215897049867,3.627905635303399,sil,Y,addition
sub_48_EBVS.wav,EBVS,arctic_a0024,3.87,3.92,T,sil,deletion
del_43_EBVS.wav,EBVS,arctic_a0024,3.87,3.92,T,sil,deletion
add_38_EBVS.wav,EBVS,arctic_a0024,3.87,3.92,T,sil,deletion
sub_48_EBVS.wav,EBVS,arctic_a0024,4.35,4.43,B,V,substitution
del_43_EBVS.wav,EBVS,arctic_a0024,4.35,4.43,B,V,substitution
add_38_EBVS.wav,EBVS,arctic_a0024,4.35,4.43,B,V,substitution
sub_49_EBVS.wav,EBVS,arctic_a0025,0.57,0.72,Z,S,substitution
del_44_EBVS.wav,EBVS,arctic_a0025,0.57,0.72,Z,S,substitution
add_39_EBVS.wav,EBVS,arctic_a0025,0.57,0.72,Z,S,substitution
sub_49_EBVS.wav,EBVS,arctic_a0025,0.82,0.9,B,V,substitution
del_44_EBVS.wav,EBVS,arctic_a0025,0.82,0.9,B,V,substitution
add_39_EBVS.wav,EBVS,arctic_a0025,0.82,0.9,B,V,substitution
sub_49_EBVS.wav,EBVS,arctic_a0025,1.07,1.17,T,sil,deletion
del_44_EBVS.wav,EBVS,arctic_a0025,1.07,1.17,T,sil,deletion
add_39_EBVS.wav,EBVS,arctic_a0025,1.07,1.17,T,sil,deletion
sub_49_EBVS.wav,EBVS,arctic_a0025,2.346221119355588,2.382672716315353,sil,DH,addition
del_44_EBVS.wav,EBVS,arctic_a0025,2.346221119355588,2.382672716315353,sil,DH,addition
add_39_EBVS.wav,EBVS,arctic_a0025,2.346221119355588,2.382672716315353,sil,DH,addition
sub_49_EBVS.wav,EBVS,arctic_a0025,2.382672716315353,2.46,sil,AX,addition
del_44_EBVS.wav,EBVS,arctic_a0025,2.382672716315353,2.46,sil,AX,addition
add_39_EBVS.wav,EBVS,arctic_a0025,2.382672716315353,2.46,sil,AX,addition
sub_49_EBVS.wav,EBVS,arctic_a0025,3.52,3.63,JH,CH,substitution
del_44_EBVS.wav,EBVS,arctic_a0025,3.52,3.63,JH,CH,substitution
add_39_EBVS.wav,EBVS,arctic_a0025,3.52,3.63,JH,CH,substitution
sub_49_EBVS.wav,EBVS,arctic_a0025,3.77,3.82,JH,err,substitution
del_44_EBVS.wav,EBVS,arctic_a0025,3.77,3.82,JH,err,substitution
add_39_EBVS.wav,EBVS,arctic_a0025,3.77,3.82,JH,err,substitution
sub_49_EBVS.wav,EBVS,arctic_a0025,4.59,4.74,EY1,AY,substitution
del_44_EBVS.wav,EBVS,arctic_a0025,4.59,4.74,EY1,AY,substitution
add_39_EBVS.wav,EBVS,arctic_a0025,4.59,4.74,EY1,AY,substitution
del_45_EBVS.wav,EBVS,arctic_a0026,0.31,0.38,ER1,UW,substitution
del_45_EBVS.wav,EBVS,arctic_a0026,0.38,0.44,D,R,substitution
del_45_EBVS.wav,EBVS,arctic_a0026,1.12,1.26,DH,D,substitution
del_45_EBVS.wav,EBVS,arctic_a0026,1.35,1.44,T,sil,deletion
del_45_EBVS.wav,EBVS,arctic_a0026,1.44,1.49,DH,D,substitution
del_45_EBVS.wav,EBVS,arctic_a0026,1.8616385688305328,1.94695276239306,UH1,IH,substitution
del_45_EBVS.wav,EBVS,arctic_a0026,1.94695276239306,2.09,D,L,substitution
del_45_EBVS.wav,EBVS,arctic_a0026,2.54,2.68,AE1,AA,substitution
del_45_EBVS.wav,EBVS,arctic_a0026,2.68,2.86,V,F,substitution
del_45_EBVS.wav,EBVS,arctic_a0026,3.31,3.38,B,V,substitution
del_45_EBVS.wav,EBVS,arctic_a0026,3.7,3.76,AW1,AO,substitution
del_46_EBVS.wav,EBVS,arctic_a0029,0.03,0.12,DH,D,substitution
del_46_EBVS.wav,EBVS,arctic_a0029,0.71,1.02,Z,S,substitution
del_46_EBVS.wav,EBVS,arctic_a0029,1.87,1.91,D,DH,substitution
del_46_EBVS.wav,EBVS,arctic_a0029,2.99,3.02,TH,sil,deletion
del_46_EBVS.wav,EBVS,arctic_a0029,3.11,3.18,AH1,AO,substitution
del_47_EBVS.wav,EBVS,arctic_a0030,0.323020026566278,0.38,D,TH,substitution
del_47_EBVS.wav,EBVS,arctic_a0030,0.68,0.82,TH,T,substitution
del_47_EBVS.wav,EBVS,arctic_a0030,0.92,0.9906890532113788,IH0,sil,deletion
del_47_EBVS.wav,EBVS,arctic_a0030,1.0581985604555748,1.09,DH,sil,deletion
del_48_EBVS.wav,EBVS,arctic_a0036,0.6392715051995953,0.734155038365088,sil,EH,addition
add_40_EBVS.wav,EBVS,arctic_a0036,0.6392715051995953,0.734155038365088,sil,EH,addition
del_48_EBVS.wav,EBVS,arctic_a0036,1.2367559318654702,1.3692171019281876,AE1,AH,substitution
add_40_EBVS.wav,EBVS,arctic_a0036,1.2367559318654702,1.3692171019281876,AE1,AH,substitution
del_48_EBVS.wav,EBVS,arctic_a0036,1.3692171019281876,1.3842481566870777,T,sil,deletion
add_40_EBVS.wav,EBVS,arctic_a0036,1.3692171019281876,1.3842481566870777,T,sil,deletion
del_48_EBVS.wav,EBVS,arctic_a0036,1.3917636840665226,1.3992792114459676,DH,sil,deletion
add_40_EBVS.wav,EBVS,arctic_a0036,1.3917636840665226,1.3992792114459676,DH,sil,deletion
del_48_EBVS.wav,EBVS,arctic_a0036,1.3992792114459676,1.4067947388254125,IY0,sil,deletion
add_40_EBVS.wav,EBVS,arctic_a0036,1.3992792114459676,1.4067947388254125,IY0,sil,deletion
del_49_EBVS.wav,EBVS,arctic_a0037,0.67,0.73,OW1,AO,substitution
del_49_EBVS.wav,EBVS,arctic_a0037,2.22,2.32,EY1,AY,substitution
del_49_EBVS.wav,EBVS,arctic_a0037,2.37,2.42,D,sil,deletion
add_41_EBVS.wav,EBVS,arctic_a0039,0.561144705288115,0.65,SH,CH,substitution
add_41_EBVS.wav,EBVS,arctic_a0039,0.8412934919842798,0.87,B,V,substitution
add_41_EBVS.wav,EBVS,arctic_a0039,3.41,3.58,Z,S,substitution
add_42_EBVS.wav,EBVS,arctic_a0041,0.2149488718328009,0.275901200438689,sil,G,addition
add_42_EBVS.wav,EBVS,arctic_a0041,1.47,1.65144699465265,OW1,AO,substitution
add_42_EBVS.wav,EBVS,arctic_a0041,2.198370591873051,2.25,AH0,UH,substitution
add_42_EBVS.wav,EBVS,arctic_a0041,3.11,3.2,EH1,AX,substitution
add_43_EBVS.wav,EBVS,arctic_a0045,0.4164018980696914,0.49,sil,EH,addition
add_43_EBVS.wav,EBVS,arctic_a0045,0.5988105504168798,0.6440592083634691,sil,HH,addition
add_43_EBVS.wav,EBVS,arctic_a0045,1.13,1.21,Z,S,substitution
add_43_EBVS.wav,EBVS,arctic_a0045,1.83,1.93,Z,S,substitution
add_44_EBVS.wav,EBVS,arctic_a0046,0.14,0.2,IY0,EH,substitution
add_44_EBVS.wav,EBVS,arctic_a0046,0.2,0.31,G,err,substitution
add_44_EBVS.wav,EBVS,arctic_a0046,0.3845995584195301,0.41,L,sil,deletion
add_44_EBVS.wav,EBVS,arctic_a0046,0.7314886148614435,0.788623282981288,sil,AX,addition
add_44_EBVS.wav,EBVS,arctic_a0046,0.8539200465468246,0.93,HH,K,substitution
add_44_EBVS.wav,EBVS,arctic_a0046,1.76,1.99,Z,S,substitution
add_44_EBVS.wav,EBVS,arctic_a0046,3.2209277257975275,3.3413186336214857,DH,T,substitution
add_44_EBVS.wav,EBVS,arctic_a0046,3.52,3.6,AH1,UH,substitution
add_45_EBVS.wav,EBVS,arctic_a0047,0.2,0.27,OW1,AO,substitution
add_45_EBVS.wav,EBVS,arctic_a0047,1.401836496241751,1.49076657874245,sil,EH,addition
add_45_EBVS.wav,EBVS,arctic_a0047,2.2,2.25,IY0,EH,substitution
add_45_EBVS.wav,EBVS,arctic_a0047,3.13,3.28,Z,TH,substitution
add_45_EBVS.wav,EBVS,arctic_a0047,3.91,3.95,IY0,EH,substitution
add_45_EBVS.wav,EBVS,arctic_a0047,4.63,4.808352712032406,G,HH,substitution
add_46_EBVS.wav,EBVS,arctic_a0048,0.37,0.4,T,sil,deletion
add_46_EBVS.wav,EBVS,arctic_a0048,0.640470317956224,0.6881146273848081,sil,N,addition
add_46_EBVS.wav,EBVS,arctic_a0048,0.6881146273848081,0.74,sil,EH,addition
add_46_EBVS.wav,EBVS,arctic_a0048,0.84,0.91,AE1,AA,substitution
add_46_EBVS.wav,EBVS,arctic_a0048,1.84,1.9,OW1,AO,substitution
add_47_EBVS.wav,EBVS,arctic_a0051,0.4,0.43,S,sil,deletion
add_47_EBVS.wav,EBVS,arctic_a0051,0.67,0.83,Z,S,substitution
add_47_EBVS.wav,EBVS,arctic_a0051,0.98,1.1,AH1,AO,substitution
add_47_EBVS.wav,EBVS,arctic_a0051,1.1,1.21,V,F,substitution
add_47_EBVS.wav,EBVS,arctic_a0051,1.81,1.95,AH0,EY,substitution
add_47_EBVS.wav,EBVS,arctic_a0051,2.659718360732928,2.69,IY0,sil,deletion
add_47_EBVS.wav,EBVS,arctic_a0051,4.61,4.65,D,sil,deletion
add_47_EBVS.wav,EBVS,arctic_a0051,5.67,5.76,OW0,AO,substitution
add_48_EBVS.wav,EBVS,arctic_a0059,0.29,0.41,Z,S,substitution
add_48_EBVS.wav,EBVS,arctic_a0059,0.44,0.61,IH0,IY,substitution
add_48_EBVS.wav,EBVS,arctic_a0059,0.69,0.75,AE1,AH,substitution
add_48_EBVS.wav,EBVS,arctic_a0059,0.9,0.9352224470923476,UW0,UH,substitution
add_48_EBVS.wav,EBVS,arctic_a0059,1.0,1.17,IH0,EY,substitution
add_48_EBVS.wav,EBVS,arctic_a0059,1.4,1.6,AH0,AA,substitution
add_48_EBVS.wav,EBVS,arctic_a0059,1.71,1.8,IH1,R,substitution
add_48_EBVS.wav,EBVS,arctic_a0059,1.8,1.83,R,IH,substitution
add_48_EBVS.wav,EBVS,arctic_a0059,2.94,3.03,Z,S,substitution
add_49_EBVS.wav,EBVS,arctic_a0062,0.03,0.09,DH,D,substitution
add_49_EBVS.wav,EBVS,arctic_a0062,0.7596404838253017,0.81,sil,EH,addition
add_49_EBVS.wav,EBVS,arctic_a0062,1.57,1.74,AH1,AO,substitution
add_49_EBVS.wav,EBVS,arctic_a0062,1.86,1.96,Z,S,substitution
sub_17_LXC.wav,LXC,arctic_a0003,0.54,0.65,EH1,AA1,substitution
del_17_LXC.wav,LXC,arctic_a0003,0.54,0.65,EH1,AA1,substitution
add_17_LXC.wav,LXC,arctic_a0003,0.54,0.65,EH1,AA1,substitution
sub_17_LXC.wav,LXC,arctic_a0003,0.93,1.03,TH,S,substitution
del_17_LXC.wav,LXC,arctic_a0003,0.93,1.03,TH,S,substitution
add_17_LXC.wav,LXC,arctic_a0003,0.93,1.03,TH,S,substitution
sub_17_LXC.wav,LXC,arctic_a0003,1.48,1.6,DH,D,substitution
del_17_LXC.wav,LXC,arctic_a0003,1.48,1.6,DH,D,substitution
add_17_LXC.wav,LXC,arctic_a0003,1.48,1.6,DH,D,substitution
sub_17_LXC.wav,LXC,arctic_a0003,1.896870625062744,1.969517828297117,sil,AH0,addition
del_17_LXC.wav,LXC,arctic_a0003,1.896870625062744,1.969517828297117,sil,AH0,addition
add_17_LXC.wav,LXC,arctic_a0003,1.896870625062744,1.969517828297117,sil,AH0,addition
sub_17_LXC.wav,LXC,arctic_a0003,2.19,2.27,DH,L,substitution
del_17_LXC.wav,LXC,arctic_a0003,2.19,2.27,DH,L,substitution
add_17_LXC.wav,LXC,arctic_a0003,2.19,2.27,DH,L,substitution
sub_17_LXC.wav,LXC,arctic_a0003,3.51,3.61,UH1,AO1,substitution
del_17_LXC.wav,LXC,arctic_a0003,3.51,3.61,UH1,AO1,substitution
add_17_LXC.wav,LXC,arctic_a0003,3.51,3.61,UH1,AO1,substitution
sub_17_LXC.wav,LXC,arctic_a0003,3.87,3.99,AE1,EH1,substitution
del_17_LXC.wav,LXC,arctic_a0003,3.87,3.99,AE1,EH1,substitution
add_17_LXC.wav,LXC,arctic_a0003,3.87,3.99,AE1,EH1,substitution
sub_17_LXC.wav,LXC,arctic_a0003,4.08,4.31,Z,S,substitution
del_17_LXC.wav,LXC,arctic_a0003,4.08,4.31,Z,S,substitution
add_17_LXC.wav,LXC,arctic_a0003,4.08,4.31,Z,S,substitution
sub_18_LXC.wav,LXC,arctic_a0005,0.21,0.24,L,W,substitution
sub_18_LXC.wav,LXC,arctic_a0005,0.49,0.66,EH1,AE1,substitution
sub_18_LXC.wav,LXC,arctic_a0005,0.69,0.77,ER0,AH0,substitution
sub_18_LXC.wav,LXC,arctic_a0005,1.23,1.36,IH1,IY1,substitution
sub_19_LXC.wav,LXC,arctic_a0006,0.72,0.8567817231434751,AH0,sil,deletion
del_18_LXC.wav,LXC,arctic_a0006,0.72,0.8567817231434751,AH0,sil,deletion
sub_19_LXC.wav,LXC,arctic_a0006,1.752817153860896,1.7773640769167585,sil,W,addition
del_18_LXC.wav,LXC,arctic_a0006,1.752817153860896,1.7773640769167585,sil,W,addition
sub_19_LXC.wav,LXC,arctic_a0006,1.7773640769167585,1.7941962527264927,sil,IH0,addition
del_18_LXC.wav,LXC,arctic_a0006,1.7773640769167585,1.7941962527264927,sil,IH0,addition
sub_19_LXC.wav,LXC,arctic_a0006,1.7941962527264927,1.89,L,W,substitution
del_18_LXC.wav,LXC,arctic_a0006,1.7941962527264927,1.89,L,W,substitution
sub_19_LXC.wav,LXC,arctic_a0006,3.02,3.07,ER0,AH0,substitution
del_18_LXC.wav,LXC,arctic_a0006,3.02,3.07,ER0,AH0,substitution
sub_19_LXC.wav,LXC,arctic_a0006,3.07,3.28,EH1,AE1,substitution
del_18_LXC.wav,LXC,arctic_a0006,3.07,3.28,EH1,AE1,substitution
sub_19_LXC.wav,LXC,arctic_a0006,3.34,3.66,ER0,AH0,substitution
del_18_LXC.wav,LXC,arctic_a0006,3.34,3.66,ER0,AH0,substitution
sub_20_LXC.wav,LXC,arctic_a0007,1.81,1.94,N,NG,substitution
del_19_LXC.wav,LXC,arctic_a0007,1.81,1.94,N,NG,substitution
add_18_LXC.wav,LXC,arctic_a0007,1.81,1.94,N,NG,substitution
sub_20_LXC.wav,LXC,arctic_a0007,1.94,2.0,DH,N,substitution
del_19_LXC.wav,LXC,arctic_a0007,1.94,2.0,DH,N,substitution
add_18_LXC.wav,LXC,arctic_a0007,1.94,2.0,DH,N,substitution
sub_20_LXC.wav,LXC,arctic_a0007,2.47,2.718433134688081,ER1,AH0,substitution
del_19_LXC.wav,LXC,arctic_a0007,2.47,2.718433134688081,ER1,AH0,substitution
add_18_LXC.wav,LXC,arctic_a0007,2.47,2.718433134688081,ER1,AH0,substitution
sub_20_LXC.wav,LXC,arctic_a0007,3.033017187120073,3.2365715739878325,AH0,AY1,substitution
del_19_LXC.wav,LXC,arctic_a0007,3.033017187120073,3.2365715739878325,AH0,AY1,substitution
add_18_LXC.wav,LXC,arctic_a0007,3.033017187120073,3.2365715739878325,AH0,AY1,substitution
sub_20_LXC.wav,LXC,arctic_a0007,3.545868499488194,3.6701159823815015,V,P,substitution
del_19_LXC.wav,LXC,arctic_a0007,3.545868499488194,3.6701159823815015,V,P,substitution
add_18_LXC.wav,LXC,arctic_a0007,3.545868499488194,3.6701159823815015,V,P,substitution
sub_21_LXC.wav,LXC,arctic_a0008,0.6,0.64,R,sil,deletion
del_20_LXC.wav,LXC,arctic_a0008,0.6,0.64,R,sil,deletion
sub_21_LXC.wav,LXC,arctic_a0008,0.71,0.83,EH1,AE1,substitution
del_20_LXC.wav,LXC,arctic_a0008,0.71,0.83,EH1,AE1,substitution
sub_21_LXC.wav,LXC,arctic_a0008,1.55,1.58,T,sil,deletion
del_20_LXC.wav,LXC,arctic_a0008,1.55,1.58,T,sil,deletion
sub_21_LXC.wav,LXC,arctic_a0008,1.72,1.81,N,NG,substitution
del_20_LXC.wav,LXC,arctic_a0008,1.72,1.81,N,NG,substitution
sub_22_LXC.wav,LXC,arctic_a0010,1.17,1.24,AH0,OW0,substitution
del_21_LXC.wav,LXC,arctic_a0010,1.17,1.24,AH0,OW0,substitution
add_19_LXC.wav,LXC,arctic_a0010,1.17,1.24,AH0,OW0,substitution
sub_22_LXC.wav,LXC,arctic_a0010,1.24,1.3,L,sil,deletion
del_21_LXC.wav,LXC,arctic_a0010,1.24,1.3,L,sil,deletion
add_19_LXC.wav,LXC,arctic_a0010,1.24,1.3,L,sil,deletion
sub_22_LXC.wav,LXC,arctic_a0010,1.58,1.61,D,sil,deletion
del_21_LXC.wav,LXC,arctic_a0010,1.58,1.61,D,sil,deletion
add_19_LXC.wav,LXC,arctic_a0010,1.58,1.61,D,sil,deletion
sub_22_LXC.wav,LXC,arctic_a0010,1.73,1.83,N,NG,substitution
del_21_LXC.wav,LXC,arctic_a0010,1.73,1.83,N,NG,substitution
add_19_LXC.wav,LXC,arctic_a0010,1.73,1.83,N,NG,substitution
sub_22_LXC.wav,LXC,arctic_a0010,2.27,2.32,S,sil,deletion
del_21_LXC.wav,LXC,arctic_a0010,2.27,2.32,S,sil,deletion
add_19_LXC.wav,LXC,arctic_a0010,2.27,2.32,S,sil,deletion
sub_22_LXC.wav,LXC,arctic_a0010,2.38,2.49,AY1,AA1,substitution
del_21_LXC.wav,LXC,arctic_a0010,2.38,2.49,AY1,AA1,substitution
add_19_LXC.wav,LXC,arctic_a0010,2.38,2.49,AY1,AA1,substitution
sub_22_LXC.wav,LXC,arctic_a0010,2.49,2.53,K,S,substitution
del_21_LXC.wav,LXC,arctic_a0010,2.49,2.53,K,S,substitution
add_19_LXC.wav,LXC,arctic_a0010,2.49,2.53,K,S,substitution
sub_22_LXC.wav,LXC,arctic_a0010,3.39,3.51,Z,S,substitution
del_21_LXC.wav,LXC,arctic_a0010,3.39,3.51,Z,S,substitution
add_19_LXC.wav,LXC,arctic_a0010,3.39,3.51,Z,S,substitution
sub_22_LXC.wav,LXC,arctic_a0010,3.85,3.99,M,NG,substitution
del_21_LXC.wav,LXC,arctic_a0010,3.85,3.99,M,NG,substitution
add_19_LXC.wav,LXC,arctic_a0010,3.85,3.99,M,NG,substitution
sub_23_LXC.wav,LXC,arctic_a0011,0.4,0.56,EH1,AE1,substitution
sub_23_LXC.wav,LXC,arctic_a0011,0.56,0.61,V,W,substitution
sub_23_LXC.wav,LXC,arctic_a0011,0.61,0.69,ER0,AH0,substitution
sub_23_LXC.wav,LXC,arctic_a0011,1.53,1.56,ER0,AH0,substitution
sub_23_LXC.wav,LXC,arctic_a0011,1.67,1.71,N,NG,substitution
sub_24_LXC.wav,LXC,arctic_a0013,0.33,0.42,Z,S,substitution
del_22_LXC.wav,LXC,arctic_a0013,0.33,0.42,Z,S,substitution
sub_24_LXC.wav,LXC,arctic_a0013,0.57,0.74,HH,HH*,substitution
del_22_LXC.wav,LXC,arctic_a0013,0.57,0.74,HH,HH*,substitution
sub_24_LXC.wav,LXC,arctic_a0013,0.74,0.81,EH1,AE1,substitution
del_22_LXC.wav,LXC,arctic_a0013,0.74,0.81,EH1,AE1,substitution
sub_24_LXC.wav,LXC,arctic_a0013,1.09,1.15,R,sil,deletion
del_22_LXC.wav,LXC,arctic_a0013,1.09,1.15,R,sil,deletion
sub_24_LXC.wav,LXC,arctic_a0013,1.27,1.37,ER0,AH0,substitution
del_22_LXC.wav,LXC,arctic_a0013,1.27,1.37,ER0,AH0,substitution
sub_24_LXC.wav,LXC,arctic_a0013,1.37,1.43,DH,L,substitution
del_22_LXC.wav,LXC,arctic_a0013,1.37,1.43,DH,L,substitution
sub_24_LXC.wav,LXC,arctic_a0013,1.68,1.81,IH1,IY,substitution
del_22_LXC.wav,LXC,arctic_a0013,1.68,1.81,IH1,IY,substitution
sub_24_LXC.wav,LXC,arctic_a0013,1.81,2.0,Z,S,substitution
del_22_LXC.wav,LXC,arctic_a0013,1.81,2.0,Z,S,substitution
sub_24_LXC.wav,LXC,arctic_a0013,3.31,3.37,L,sil,deletion
del_22_LXC.wav,LXC,arctic_a0013,3.31,3.37,L,sil,deletion
sub_24_LXC.wav,LXC,arctic_a0013,4.49,4.59,AH0,IY1,substitution
del_22_LXC.wav,LXC,arctic_a0013,4.49,4.59,AH0,IY1,substitution
sub_24_LXC.wav,LXC,arctic_a0013,4.59,4.71,Z,S,substitution
del_22_LXC.wav,LXC,arctic_a0013,4.59,4.71,Z,S,substitution
sub_24_LXC.wav,LXC,arctic_a0013,4.71,4.78,IY1,IY0,substitution
del_22_LXC.wav,LXC,arctic_a0013,4.71,4.78,IY1,IY0,substitution
sub_25_LXC.wav,LXC,arctic_a0018,0.2,0.28,R,AH0,substitution
sub_25_LXC.wav,LXC,arctic_a0018,0.44,0.53,Z,S,substitution
sub_25_LXC.wav,LXC,arctic_a0018,0.94,1.01,JH,CH,substitution
sub_26_LXC.wav,LXC,arctic_a0019,0.7446839496396225,0.8207110946472981,sil,L,addition
del_23_LXC.wav,LXC,arctic_a0019,0.7446839496396225,0.8207110946472981,sil,L,addition
add_20_LXC.wav,LXC,arctic_a0019,0.7446839496396225,0.8207110946472981,sil,L,addition
sub_26_LXC.wav,LXC,arctic_a0019,0.8207110946472981,0.88,sil,AH0,addition
del_23_LXC.wav,LXC,arctic_a0019,0.8207110946472981,0.88,sil,AH0,addition
add_20_LXC.wav,LXC,arctic_a0019,0.8207110946472981,0.88,sil,AH0,addition
sub_26_LXC.wav,LXC,arctic_a0019,1.39,1.46,DH,L,substitution
del_23_LXC.wav,LXC,arctic_a0019,1.39,1.46,DH,L,substitution
add_20_LXC.wav,LXC,arctic_a0019,1.39,1.46,DH,L,substitution
sub_26_LXC.wav,LXC,arctic_a0019,1.73,1.85,AH0,AO1,substitution
del_23_LXC.wav,LXC,arctic_a0019,1.73,1.85,AH0,AO1,substitution
add_20_LXC.wav,LXC,arctic_a0019,1.73,1.85,AH0,AO1,substitution
sub_26_LXC.wav,LXC,arctic_a0019,1.9957757042645083,2.033144978929298,sil,R,addition
del_23_LXC.wav,LXC,arctic_a0019,1.9957757042645083,2.033144978929298,sil,R,addition
add_20_LXC.wav,LXC,arctic_a0019,1.9957757042645083,2.033144978929298,sil,R,addition
sub_26_LXC.wav,LXC,arctic_a0019,2.150407185636052,2.22,Z,S,substitution
del_23_LXC.wav,LXC,arctic_a0019,2.150407185636052,2.22,Z,S,substitution
add_20_LXC.wav,LXC,arctic_a0019,2.150407185636052,2.22,Z,S,substitution
sub_26_LXC.wav,LXC,arctic_a0019,2.22,2.36,D,T,substitution
del_23_LXC.wav,LXC,arctic_a0019,2.22,2.36,D,T,substitution
add_20_LXC.wav,LXC,arctic_a0019,2.22,2.36,D,T,substitution
sub_26_LXC.wav,LXC,arctic_a0019,2.58,2.72,L,W,substitution
del_23_LXC.wav,LXC,arctic_a0019,2.58,2.72,L,W,substitution
add_20_LXC.wav,LXC,arctic_a0019,2.58,2.72,L,W,substitution
sub_26_LXC.wav,LXC,arctic_a0019,4.03,4.1,R,sil,deletion
del_23_LXC.wav,LXC,arctic_a0019,4.03,4.1,R,sil,deletion
add_20_LXC.wav,LXC,arctic_a0019,4.03,4.1,R,sil,deletion
sub_26_LXC.wav,LXC,arctic_a0019,4.6,4.77,Z,S,substitution
del_23_LXC.wav,LXC,arctic_a0019,4.6,4.77,Z,S,substitution
add_20_LXC.wav,LXC,arctic_a0019,4.6,4.77,Z,S,substitution
sub_27_LXC.wav,LXC,arctic_a0020,0.4,0.46,B,P,substitution
del_24_LXC.wav,LXC,arctic_a0020,0.4,0.46,B,P,substitution
sub_27_LXC.wav,LXC,arctic_a0020,0.46,0.52,Z,S,substitution
del_24_LXC.wav,LXC,arctic_a0020,0.46,0.52,Z,S,substitution
sub_27_LXC.wav,LXC,arctic_a0020,0.62,0.74,D,AH0,substitution
del_24_LXC.wav,LXC,arctic_a0020,0.62,0.74,D,AH0,substitution
sub_27_LXC.wav,LXC,arctic_a0020,0.92,1.01,L,sil,deletion
del_24_LXC.wav,LXC,arctic_a0020,0.92,1.01,L,sil,deletion
sub_27_LXC.wav,LXC,arctic_a0020,1.01,1.1,Z,S,substitution
del_24_LXC.wav,LXC,arctic_a0020,1.01,1.1,Z,S,substitution
sub_27_LXC.wav,LXC,arctic_a0020,1.31,1.37,D,AH0,substitution
del_24_LXC.wav,LXC,arctic_a0020,1.31,1.37,D,AH0,substitution
sub_27_LXC.wav,LXC,arctic_a0020,1.47,1.57,IH1,IY1,substitution
del_24_LXC.wav,LXC,arctic_a0020,1.47,1.57,IH1,IY1,substitution
sub_27_LXC.wav,LXC,arctic_a0020,1.77,1.87,Z,S,substitution
del_24_LXC.wav,LXC,arctic_a0020,1.77,1.87,Z,S,substitution
sub_27_LXC.wav,LXC,arctic_a0020,2.61,2.76,OW1,AO1,substitution
del_24_LXC.wav,LXC,arctic_a0020,2.61,2.76,OW1,AO1,substitution
sub_27_LXC.wav,LXC,arctic_a0020,2.76,2.79,N,NG,substitution
del_24_LXC.wav,LXC,arctic_a0020,2.76,2.79,N,NG,substitution
sub_27_LXC.wav,LXC,arctic_a0020,3.01,3.11,EH1,AE1,substitution
del_24_LXC.wav,LXC,arctic_a0020,3.01,3.11,EH1,AE1,substitution
sub_27_LXC.wav,LXC,arctic_a0020,3.44,3.64,Z,S,substitution
del_24_LXC.wav,LXC,arctic_a0020,3.44,3.64,Z,S,substitution
sub_28_LXC.wav,LXC,arctic_a0021,0.52,0.56,R,sil,deletion
del_25_LXC.wav,LXC,arctic_a0021,0.52,0.56,R,sil,deletion
sub_28_LXC.wav,LXC,arctic_a0021,2.16,2.27,Z,S,substitution
del_25_LXC.wav,LXC,arctic_a0021,2.16,2.27,Z,S,substitution
sub_28_LXC.wav,LXC,arctic_a0021,2.53,2.6,IH1,IY1,substitution
del_25_LXC.wav,LXC,arctic_a0021,2.53,2.6,IH1,IY1,substitution
sub_29_LXC.wav,LXC,arctic_a0022,0.0,0.18,HH,HH*,substitution
del_26_LXC.wav,LXC,arctic_a0022,0.0,0.18,HH,HH*,substitution
add_21_LXC.wav,LXC,arctic_a0022,0.0,0.18,HH,HH*,substitution
sub_29_LXC.wav,LXC,arctic_a0022,0.3049748797605249,0.3473475445593348,sil,AH0,addition
del_26_LXC.wav,LXC,arctic_a0022,0.3049748797605249,0.3473475445593348,sil,AH0,addition
add_21_LXC.wav,LXC,arctic_a0022,0.3049748797605249,0.3473475445593348,sil,AH0,addition
sub_29_LXC.wav,LXC,arctic_a0022,0.66,0.7,ER1,AH0,substitution
del_26_LXC.wav,LXC,arctic_a0022,0.66,0.7,ER1,AH0,substitution
add_21_LXC.wav,LXC,arctic_a0022,0.66,0.7,ER1,AH0,substitution
sub_29_LXC.wav,LXC,arctic_a0022,0.96,1.02,R,AH0,substitution
del_26_LXC.wav,LXC,arctic_a0022,0.96,1.02,R,AH0,substitution
add_21_LXC.wav,LXC,arctic_a0022,0.96,1.02,R,AH0,substitution
sub_29_LXC.wav,LXC,arctic_a0022,1.36,1.48,Z,S,substitution
del_26_LXC.wav,LXC,arctic_a0022,1.36,1.48,Z,S,substitution
add_21_LXC.wav,LXC,arctic_a0022,1.36,1.48,Z,S,substitution
sub_29_LXC.wav,LXC,arctic_a0022,2.04,2.12,IH0,IY0,substitution
del_26_LXC.wav,LXC,arctic_a0022,2.04,2.12,IH0,IY0,substitution
add_21_LXC.wav,LXC,arctic_a0022,2.04,2.12,IH0,IY0,substitution
sub_29_LXC.wav,LXC,arctic_a0022,2.52,2.55,R,sil,deletion
del_26_LXC.wav,LXC,arctic_a0022,2.52,2.55,R,sil,deletion
add_21_LXC.wav,LXC,arctic_a0022,2.52,2.55,R,sil,deletion
sub_29_LXC.wav,LXC,arctic_a0022,2.79,2.86,ER1,AH0,substitution
del_26_LXC.wav,LXC,arctic_a0022,2.79,2.86,ER1,AH0,substitution
add_21_LXC.wav,LXC,arctic_a0022,2.79,2.86,ER1,AH0,substitution
sub_29_LXC.wav,LXC,arctic_a0022,3.86,3.9,ER0,AH0,substitution
del_26_LXC.wav,LXC,arctic_a0022,3.86,3.9,ER0,AH0,substitution
add_21_LXC.wav,LXC,arctic_a0022,3.86,3.9,ER0,AH0,substitution
sub_29_LXC.wav,LXC,arctic_a0022,3.99,4.05,AH0,OW0,substitution
del_26_LXC.wav,LXC,arctic_a0022,3.99,4.05,AH0,OW0,substitution
add_21_LXC.wav,LXC,arctic_a0022,3.99,4.05,AH0,OW0,substitution
sub_29_LXC.wav,LXC,arctic_a0022,4.05,4.15,L,sil,deletion
del_26_LXC.wav,LXC,arctic_a0022,4.05,4.15,L,sil,deletion
add_21_LXC.wav,LXC,arctic_a0022,4.05,4.15,L,sil,deletion
sub_29_LXC.wav,LXC,arctic_a0022,4.29,4.32,AH0,sil,deletion
del_26_LXC.wav,LXC,arctic_a0022,4.29,4.32,AH0,sil,deletion
add_21_LXC.wav,LXC,arctic_a0022,4.29,4.32,AH0,sil,deletion
sub_29_LXC.wav,LXC,arctic_a0022,4.32,4.44,Z,S,substitution
del_26_LXC.wav,LXC,arctic_a0022,4.32,4.44,Z,S,substitution
add_21_LXC.wav,LXC,arctic_a0022,4.32,4.44,Z,S,substitution
sub_29_LXC.wav,LXC,arctic_a0022,4.44,4.56,IH1,IY1,substitution
del_26_LXC.wav,LXC,arctic_a0022,4.44,4.56,IH1,IY1,substitution
add_21_LXC.wav,LXC,arctic_a0022,4.44,4.56,IH1,IY1,substitution
sub_30_LXC.wav,LXC,arctic_a0023,0.38,0.41,AH0,sil,deletion
del_27_LXC.wav,LXC,arctic_a0023,0.38,0.41,AH0,sil,deletion
add_22_LXC.wav,LXC,arctic_a0023,0.38,0.41,AH0,sil,deletion
sub_30_LXC.wav,LXC,arctic_a0023,0.72,0.75,N,NG,substitution
del_27_LXC.wav,LXC,arctic_a0023,0.72,0.75,N,NG,substitution
add_22_LXC.wav,LXC,arctic_a0023,0.72,0.75,N,NG,substitution
sub_30_LXC.wav,LXC,arctic_a0023,0.75,0.88,AH1,AO1,substitution
del_27_LXC.wav,LXC,arctic_a0023,0.75,0.88,AH1,AO1,substitution
add_22_LXC.wav,LXC,arctic_a0023,0.75,0.88,AH1,AO1,substitution
sub_30_LXC.wav,LXC,arctic_a0023,1.86,1.89,AH0,sil,deletion
del_27_LXC.wav,LXC,arctic_a0023,1.86,1.89,AH0,sil,deletion
add_22_LXC.wav,LXC,arctic_a0023,1.86,1.89,AH0,sil,deletion
sub_30_LXC.wav,LXC,arctic_a0023,2.02,2.07,L,W,substitution
del_27_LXC.wav,LXC,arctic_a0023,2.02,2.07,L,W,substitution
add_22_LXC.wav,LXC,arctic_a0023,2.02,2.07,L,W,substitution
sub_30_LXC.wav,LXC,arctic_a0023,2.64,2.68,R,sil,deletion
del_27_LXC.wav,LXC,arctic_a0023,2.64,2.68,R,sil,deletion
add_22_LXC.wav,LXC,arctic_a0023,2.64,2.68,R,sil,deletion
sub_30_LXC.wav,LXC,arctic_a0023,3.03,3.09,Z,S,substitution
del_27_LXC.wav,LXC,arctic_a0023,3.03,3.09,Z,S,substitution
add_22_LXC.wav,LXC,arctic_a0023,3.03,3.09,Z,S,substitution
sub_30_LXC.wav,LXC,arctic_a0023,3.09,3.13,D,sil,deletion
del_27_LXC.wav,LXC,arctic_a0023,3.09,3.13,D,sil,deletion
add_22_LXC.wav,LXC,arctic_a0023,3.09,3.13,D,sil,deletion
sub_30_LXC.wav,LXC,arctic_a0023,3.454118921351706,3.53,sil,AH0,addition
del_27_LXC.wav,LXC,arctic_a0023,3.454118921351706,3.53,sil,AH0,addition
add_22_LXC.wav,LXC,arctic_a0023,3.454118921351706,3.53,sil,AH0,addition
sub_30_LXC.wav,LXC,arctic_a0023,4.01,4.1,AH0,AE1,substitution
del_27_LXC.wav,LXC,arctic_a0023,4.01,4.1,AH0,AE1,substitution
add_22_LXC.wav,LXC,arctic_a0023,4.01,4.1,AH0,AE1,substitution
sub_30_LXC.wav,LXC,arctic_a0023,4.47,4.57,D,sil,deletion
del_27_LXC.wav,LXC,arctic_a0023,4.47,4.57,D,sil,deletion
add_22_LXC.wav,LXC,arctic_a0023,4.47,4.57,D,sil,deletion
sub_30_LXC.wav,LXC,arctic_a0023,4.88,4.92,R,AH0,substitution
del_27_LXC.wav,LXC,arctic_a0023,4.88,4.92,R,AH0,substitution
add_22_LXC.wav,LXC,arctic_a0023,4.88,4.92,R,AH0,substitution
sub_30_LXC.wav,LXC,arctic_a0023,5.23,5.32,EY1,IY1,substitution
del_27_LXC.wav,LXC,arctic_a0023,5.23,5.32,EY1,IY1,substitution
add_22_LXC.wav,LXC,arctic_a0023,5.23,5.32,EY1,IY1,substitution
sub_30_LXC.wav,LXC,arctic_a0023,5.87,5.94,IH0,IY0,substitution
del_27_LXC.wav,LXC,arctic_a0023,5.87,5.94,IH0,IY0,substitution
add_22_LXC.wav,LXC,arctic_a0023,5.87,5.94,IH0,IY0,substitution
sub_30_LXC.wav,LXC,arctic_a0023,5.98,6.08,IH0,IY0,substitution
del_27_LXC.wav,LXC,arctic_a0023,5.98,6.08,IH0,IY0,substitution
add_22_LXC.wav,LXC,arctic_a0023,5.98,6.08,IH0,IY0,substitution
sub_30_LXC.wav,LXC,arctic_a0023,6.21,6.33,IH0,IY0,substitution
del_27_LXC.wav,LXC,arctic_a0023,6.21,6.33,IH0,IY0,substitution
add_22_LXC.wav,LXC,arctic_a0023,6.21,6.33,IH0,IY0,substitution
sub_30_LXC.wav,LXC,arctic_a0023,6.33,6.47,Z,S,substitution
del_27_LXC.wav,LXC,arctic_a0023,6.33,6.47,Z,S,substitution
add_22_LXC.wav,LXC,arctic_a0023,6.33,6.47,Z,S,substitution
sub_31_LXC.wav,LXC,arctic_a0024,0.31,0.4,Z,S,substitution
del_28_LXC.wav,LXC,arctic_a0024,0.31,0.4,Z,S,substitution
sub_31_LXC.wav,LXC,arctic_a0024,0.94,0.99,R,sil,deletion
del_28_LXC.wav,LXC,arctic_a0024,0.94,0.99,R,sil,deletion
sub_31_LXC.wav,LXC,arctic_a0024,1.91,1.99,TH,S,substitution
del_28_LXC.wav,LXC,arctic_a0024,1.91,1.99,TH,S,substitution
sub_31_LXC.wav,LXC,arctic_a0024,2.13,2.26,IH1,IY1,substitution
del_28_LXC.wav,LXC,arctic_a0024,2.13,2.26,IH1,IY1,substitution
sub_31_LXC.wav,LXC,arctic_a0024,3.26,3.44,IH1,IY1,substitution
del_28_LXC.wav,LXC,arctic_a0024,3.26,3.44,IH1,IY1,substitution
sub_31_LXC.wav,LXC,arctic_a0024,4.31,4.37,L,W,substitution
del_28_LXC.wav,LXC,arctic_a0024,4.31,4.37,L,W,substitution
sub_32_LXC.wav,LXC,arctic_a0025,0.28,0.38,Z,S,substitution
del_29_LXC.wav,LXC,arctic_a0025,0.28,0.38,Z,S,substitution
sub_32_LXC.wav,LXC,arctic_a0025,1.11,1.17,DH,L,substitution
del_29_LXC.wav,LXC,arctic_a0025,1.11,1.17,DH,L,substitution
sub_32_LXC.wav,LXC,arctic_a0025,1.17,1.3,IH1,IY1,substitution
del_29_LXC.wav,LXC,arctic_a0025,1.17,1.3,IH1,IY1,substitution
sub_32_LXC.wav,LXC,arctic_a0025,1.51,1.65,EH1,AE1,substitution
del_29_LXC.wav,LXC,arctic_a0025,1.51,1.65,EH1,AE1,substitution
sub_32_LXC.wav,LXC,arctic_a0025,2.27,2.42,ER0,AH0,substitution
del_29_LXC.wav,LXC,arctic_a0025,2.27,2.42,ER0,AH0,substitution
sub_32_LXC.wav,LXC,arctic_a0025,2.63,2.76,JH,CH,substitution
del_29_LXC.wav,LXC,arctic_a0025,2.63,2.76,JH,CH,substitution
sub_32_LXC.wav,LXC,arctic_a0025,3.0,3.03,T,sil,deletion
del_29_LXC.wav,LXC,arctic_a0025,3.0,3.03,T,sil,deletion
sub_32_LXC.wav,LXC,arctic_a0025,3.56,3.7,V,W,substitution
del_29_LXC.wav,LXC,arctic_a0025,3.56,3.7,V,W,substitution
sub_33_LXC.wav,LXC,arctic_a0026,0.03,0.12,IH1,IY1,substitution
del_30_LXC.wav,LXC,arctic_a0026,0.03,0.12,IH1,IY1,substitution
sub_33_LXC.wav,LXC,arctic_a0026,0.49,0.61,ER1,AH0,substitution
del_30_LXC.wav,LXC,arctic_a0026,0.49,0.61,ER1,AH0,substitution
sub_33_LXC.wav,LXC,arctic_a0026,1.52,1.69,DH,D,substitution
del_30_LXC.wav,LXC,arctic_a0026,1.52,1.69,DH,D,substitution
sub_33_LXC.wav,LXC,arctic_a0026,1.82,1.97,R,sil,deletion
del_30_LXC.wav,LXC,arctic_a0026,1.82,1.97,R,sil,deletion
sub_33_LXC.wav,LXC,arctic_a0026,2.73,2.81,V,F,substitution
del_30_LXC.wav,LXC,arctic_a0026,2.73,2.81,V,F,substitution
sub_33_LXC.wav,LXC,arctic_a0026,3.64,3.79,N,NG,substitution
del_30_LXC.wav,LXC,arctic_a0026,3.64,3.79,N,NG,substitution
sub_33_LXC.wav,LXC,arctic_a0026,4.33,4.41,AW1,AH1,substitution
del_30_LXC.wav,LXC,arctic_a0026,4.33,4.41,AW1,AH1,substitution
del_31_LXC.wav,LXC,arctic_a0027,0.86,0.96,Z,S,substitution
del_31_LXC.wav,LXC,arctic_a0027,2.68,2.81,L,sil,deletion
del_31_LXC.wav,LXC,arctic_a0027,3.27,3.37,TH,S,substitution
del_31_LXC.wav,LXC,arctic_a0027,3.49,3.57,Z,S,substitution
del_31_LXC.wav,LXC,arctic_a0027,3.84,3.96,Z,S,substitution
del_31_LXC.wav,LXC,arctic_a0027,4.21,4.25,N,NG,substitution
del_31_LXC.wav,LXC,arctic_a0027,5.09,5.18,V,W,substitution
del_31_LXC.wav,LXC,arctic_a0027,5.18,5.28,ER0,AH0,substitution
del_32_LXC.wav,LXC,arctic_a0029,0.03,0.09,DH,D,substitution
del_32_LXC.wav,LXC,arctic_a0029,0.23,0.3,R,AH0,substitution
del_32_LXC.wav,LXC,arctic_a0029,0.53,0.59,R,sil,deletion
del_32_LXC.wav,LXC,arctic_a0029,0.8,0.91,Z,S,substitution
del_32_LXC.wav,LXC,arctic_a0029,1.11,1.14,ER1,AH0,substitution
del_32_LXC.wav,LXC,arctic_a0029,1.31,1.4,L,sil,deletion
del_32_LXC.wav,LXC,arctic_a0029,2.2,2.31,IH1,IY1,substitution
del_32_LXC.wav,LXC,arctic_a0029,2.31,2.38,N,NG,substitution
del_32_LXC.wav,LXC,arctic_a0029,2.51,2.54,DH,L,substitution
del_32_LXC.wav,LXC,arctic_a0029,2.87,2.93,R,sil,deletion
del_32_LXC.wav,LXC,arctic_a0029,2.93,3.04,TH,S,substitution
del_32_LXC.wav,LXC,arctic_a0029,3.27,3.35,N,NG,substitution
del_33_LXC.wav,LXC,arctic_a0031,0.04,0.12,DH,D,substitution
del_33_LXC.wav,LXC,arctic_a0031,0.38,0.46,ER1,AH0,substitution
del_33_LXC.wav,LXC,arctic_a0031,0.46,0.6,TH,S,substitution
del_33_LXC.wav,LXC,arctic_a0031,1.54,1.58,R,sil,deletion
del_33_LXC.wav,LXC,arctic_a0031,1.63,1.67,Z,S,substitution
del_33_LXC.wav,LXC,arctic_a0031,2.11,2.16,R,sil,deletion
add_23_LXC.wav,LXC,arctic_a0032,0.2,0.29,IH1,IY1,substitution
add_23_LXC.wav,LXC,arctic_a0032,0.29,0.36,N,NG,substitution
add_23_LXC.wav,LXC,arctic_a0032,0.5,0.56,DH,S,substitution
add_23_LXC.wav,LXC,arctic_a0032,2.67,2.75,R,sil,deletion
add_23_LXC.wav,LXC,arctic_a0032,2.98,3.08,Z,S,substitution
add_23_LXC.wav,LXC,arctic_a0032,3.23,3.33,N,NG,substitution
add_23_LXC.wav,LXC,arctic_a0032,3.5784041648611,3.6310979841966646,sil,N,addition
add_23_LXC.wav,LXC,arctic_a0032,3.8,4.02,AH1,AA1,substitution
add_23_LXC.wav,LXC,arctic_a0032,4.59,4.79,EH1,AE1,substitution
add_23_LXC.wav,LXC,arctic_a0032,4.79,4.84,V,W,substitution
add_24_LXC.wav,LXC,arctic_a0051,0.05,0.11,DH,L,substitution
add_24_LXC.wav,LXC,arctic_a0051,0.9,1.09,Z,S,substitution
add_24_LXC.wav,LXC,arctic_a0051,1.34,1.48,V,F,substitution
add_24_LXC.wav,LXC,arctic_a0051,1.84,1.93,EH1,AE1,substitution
add_24_LXC.wav,LXC,arctic_a0051,2.66,2.73,V,W,substitution
add_24_LXC.wav,LXC,arctic_a0051,3.42,3.52,ER0,AH0,substitution
add_24_LXC.wav,LXC,arctic_a0051,4.28,4.341369872140034,sil,AH0,addition
add_24_LXC.wav,LXC,arctic_a0051,4.77,4.89,IH1,IY1,substitution
add_24_LXC.wav,LXC,arctic_a0051,4.89,4.98,N,NG,substitution
add_24_LXC.wav,LXC,arctic_a0051,5.45,5.57,TH,S,substitution
add_25_LXC.wav,LXC,arctic_a0052,0.2246401937853178,0.27,sil,AH0,addition
add_25_LXC.wav,LXC,arctic_a0052,0.41,0.49,Z,S,substitution
add_25_LXC.wav,LXC,arctic_a0052,1.7,1.82,N,NG,substitution
add_25_LXC.wav,LXC,arctic_a0052,1.93,2.02,IH0,IY0,substitution
add_26_LXC.wav,LXC,arctic_a0053,0.65,0.71,IH1,IY1,substitution
add_26_LXC.wav,LXC,arctic_a0053,0.71,0.78,Z,S,substitution
add_26_LXC.wav,LXC,arctic_a0053,1.11,1.1954173690204526,ER0,AH0,substitution
add_26_LXC.wav,LXC,arctic_a0053,1.1954173690204526,1.27,Z,S,substitution
add_26_LXC.wav,LXC,arctic_a0053,1.59,1.68,Z,S,substitution
add_26_LXC.wav,LXC,arctic_a0053,1.68,1.71,D,T,substitution
add_26_LXC.wav,LXC,arctic_a0053,2.013426845357281,2.043587767753205,sil,AH0,addition
add_26_LXC.wav,LXC,arctic_a0053,2.4,2.49,V,W,substitution
add_26_LXC.wav,LXC,arctic_a0053,2.49,2.62,ER0,AH0,substitution
add_26_LXC.wav,LXC,arctic_a0053,2.62,2.67,DH,L,substitution
add_26_LXC.wav,LXC,arctic_a0053,3.34,3.43,ER0,AH0,substitution
add_27_LXC.wav,LXC,arctic_a0063,0.583885961320886,0.64,sil,AH0,addition
add_27_LXC.wav,LXC,arctic_a0063,0.8,0.89,Z,S,substitution
add_27_LXC.wav,LXC,arctic_a0063,1.24,1.28,N,NG,substitution
add_27_LXC.wav,LXC,arctic_a0063,2.65,2.88,ER0,AH0,substitution
add_28_LXC.wav,LXC,arctic_a0064,0.04,0.11,DH,L,substitution
add_28_LXC.wav,LXC,arctic_a0064,0.46,0.54,R,sil,deletion
add_28_LXC.wav,LXC,arctic_a0064,0.54,0.61,TH,S,substitution
add_28_LXC.wav,LXC,arctic_a0064,0.97,1.08,IH1,IY1,substitution
add_28_LXC.wav,LXC,arctic_a0064,1.08,1.31,TH,S,substitution
add_28_LXC.wav,LXC,arctic_a0064,1.54,1.61,Z,S,substitution
add_28_LXC.wav,LXC,arctic_a0064,1.9791942807207985,2.02,sil,AH0,addition
add_28_LXC.wav,LXC,arctic_a0064,2.07,2.15,IH0,IY0,substitution
add_28_LXC.wav,LXC,arctic_a0064,2.15,2.27,TH,S,substitution
add_28_LXC.wav,LXC,arctic_a0064,2.44,2.6,EH1,AE1,substitution
add_29_LXC.wav,LXC,arctic_a0067,0.29,0.33,R,sil,deletion
add_29_LXC.wav,LXC,arctic_a0067,0.71,0.74,L,W,substitution
add_29_LXC.wav,LXC,arctic_a0067,0.87,0.91,K,sil,deletion
add_29_LXC.wav,LXC,arctic_a0067,1.34,1.45,Z,S,substitution
add_30_LXC.wav,LXC,arctic_a0071,0.2331493960979179,0.27,sil,AH0,addition
add_30_LXC.wav,LXC,arctic_a0071,0.41,0.48,Z,S,substitution
add_30_LXC.wav,LXC,arctic_a0071,0.48,0.52,DH,L,substitution
add_30_LXC.wav,LXC,arctic_a0071,0.75,0.810458906391173,B,P,substitution
add_30_LXC.wav,LXC,arctic_a0071,0.810458906391173,0.89,sil,AH0,addition
add_30_LXC.wav,LXC,arctic_a0071,1.21,1.25,T,sil,deletion
add_30_LXC.wav,LXC,arctic_a0071,1.38,1.51,V,F,substitution
add_30_LXC.wav,LXC,arctic_a0071,1.73,1.83,R,AH0,substitution
add_30_LXC.wav,LXC,arctic_a0071,2.07,2.17,IH1,IY1,substitution
add_30_LXC.wav,LXC,arctic_a0071,2.43,2.61,L,W,substitution
add_30_LXC.wav,LXC,arctic_a0071,2.77,2.89,EH0,AE0,substitution
add_31_LXC.wav,LXC,arctic_a0077,0.03,0.16,IH1,IY1,substitution
add_31_LXC.wav,LXC,arctic_a0077,0.27,0.35,IH1,IY1,substitution
add_31_LXC.wav,LXC,arctic_a0077,0.35,0.42,Z,S,substitution
add_31_LXC.wav,LXC,arctic_a0077,0.42,0.47,DH,S,substitution
add_31_LXC.wav,LXC,arctic_a0077,0.93,1.04,R,AH0,substitution
add_31_LXC.wav,LXC,arctic_a0077,1.26,1.31,R,sil,deletion
add_31_LXC.wav,LXC,arctic_a0077,1.41,1.4385564988637716,sil,AH0,addition
add_32_LXC.wav,LXC,arctic_a0081,0.0,0.07,HH,sil,deletion
add_32_LXC.wav,LXC,arctic_a0081,0.9707403947306802,0.98629944346911,N,sil,deletion
add_32_LXC.wav,LXC,arctic_a0081,0.98629944346911,1.05,AA1,AX,substitution
add_32_LXC.wav,LXC,arctic_a0081,1.05,1.13,T,N,substitution
add_32_LXC.wav,LXC,arctic_a0081,1.53,1.56,IH0,AX,substitution
add_32_LXC.wav,LXC,arctic_a0081,1.56,1.59,DH,sil,deletion
add_33_LXC.wav,LXC,arctic_a0091,2.7501146651281303,2.79,T,sil,deletion
add_33_LXC.wav,LXC,arctic_a0091,2.79,2.868309266956598,DH,T,substitution
add_33_LXC.wav,LXC,arctic_a0091,2.921411189517214,3.01,sil,R,addition
